{
    "local_list": [
        0.000661408,
        0.000853469,
        0.000790931,
        0.000770458,
        0.000839579,
        0.000805945,
        0.000821958,
        0.000844039,
        0.000836329,
        0.000831687,
        0.000800073,
        0.000730306,
        0.000797399,
        0.000847291,
        0.000844407,
        0.00083425,
        0.000841398,
        0.000866459,
        0.000869919,
        0.000825218,
        0.000829248,
        0.000850514,
        0.000870384,
        0.000668516,
        0.000829027,
        0.000789292,
        0.000848013,
        0.000823541,
        0.000868294,
        0.000806282,
        0.000829847,
        0.000813577,
        0.000803229,
        0.000864015,
        0.000824438,
        0.00091368,
        0.000694879,
        0.000872506,
        0.000823799,
        0.000859046,
        0.000818152,
        0.000831722,
        0.000866282,
        0.00082217,
        0.000811482,
        0.000825817,
        0.000806119,
        0.000817208,
        0.000813451,
        0.000824503,
        0.000696358,
        0.00083815,
        0.000841931,
        0.000847687,
        0.000874708,
        0.000806517,
        0.000765912,
        0.000809563,
        0.000845745,
        0.000650395,
        0.000795988,
        0.000787393,
        0.000789211,
        0.000872789,
        0.000807174,
        0.000697779,
        0.000787672,
        0.000904412,
        0.000959153,
        0.00067129,
        0.000906453,
        0.000801867,
        0.000828716,
        0.000799675,
        0.00093957,
        0.000792915,
        0.000681715,
        0.000854996,
        0.00084417,
        0.000806149,
        0.00085232,
        0.000823924,
        0.000792895,
        0.000841935,
        0.000837647,
        0.000765186,
        0.000864445,
        0.000802496,
        0.000802677,
        0.000824013,
        0.000819437,
        0.000795476,
        0.000849046,
        0.000823902,
        0.000696221,
        0.000837068,
        0.000880915,
        0.000832152,
        0.000786668,
        0.000857492
    ],
    "mutex": [
        0.000718907,
        0.000821495,
        0.000826445,
        0.000920061,
        0.00084381,
        0.000841876,
        0.000805842,
        0.000834901,
        0.000837884,
        0.000861878,
        0.000845564,
        0.00069534,
        0.000834319,
        0.000814742,
        0.000891679,
        0.000848983,
        0.000804609,
        0.000808539,
        0.000792187,
        0.000815472,
        0.000842532,
        0.000824656,
        0.000798045,
        0.000689704,
        0.000825389,
        0.000901106,
        0.000798815,
        0.000822677,
        0.000837812,
        0.00081154,
        0.00089069,
        0.000804699,
        0.000938792,
        0.000848366,
        0.000855642,
        0.000825854,
        0.000696172,
        0.000824641,
        0.000809007,
        0.000832929,
        0.000840099,
        0.000800126,
        0.000821807,
        0.00083573,
        0.000854018,
        0.000824621,
        0.000850337,
        0.000850075,
        0.000808991,
        0.000854621,
        0.00068234,
        0.000843106,
        0.000844986,
        0.00100074,
        0.000903447,
        0.000845247,
        0.000796511,
        0.000811313,
        0.000776452,
        0.000732789,
        0.000813965,
        0.000814828,
        0.000782084,
        0.000816688,
        0.000786453,
        0.000698351,
        0.000767643,
        0.00106751,
        0.000779985,
        0.000653005,
        0.000747202,
        0.000837148,
        0.000798603,
        0.000802952,
        0.000802987,
        0.000750157,
        0.000701505,
        0.000790194,
        0.000829085,
        0.000822897,
        0.000749697,
        0.00084622,
        0.00081767,
        0.000795057,
        0.000786527,
        0.000780962,
        0.000788814,
        0.000859859,
        0.000816058,
        0.000830636,
        0.000826679,
        0.00082395,
        0.000800266,
        0.000856656,
        0.00066981,
        0.000801286,
        0.00079298,
        0.000797816,
        0.000785267,
        0.000809951
    ],
    "seq": [
        0.0019746,
        0.00191365,
        0.00191029,
        0.00200254,
        0.00197017,
        0.00190907,
        0.00200445,
        0.00196603,
        0.00195964,
        0.00195633,
        0.00195489,
        0.00195981,
        0.00195278,
        0.00195785,
        0.00195485,
        0.00195727,
        0.00195635,
        0.00196214,
        0.00195132,
        0.00195779,
        0.00196186,
        0.00195485,
        0.00195664,
        0.00197876,
        0.00191451,
        0.00190918,
        0.00194654,
        0.00191105,
        0.0019122,
        0.00190857,
        0.00196654,
        0.00187168,
        0.0019585,
        0.00224133,
        0.00199997,
        0.00197633,
        0.00196171,
        0.00196009,
        0.00195973,
        0.00198474,
        0.00203707,
        0.00197449,
        0.0019595,
        0.00196944,
        0.00196791,
        0.00195629,
        0.00195734,
        0.00195635,
        0.00195909,
        0.00196642,
        0.00196398,
        0.00195936,
        0.0019521,
        0.00195731,
        0.00191375,
        0.00190958,
        0.00195775,
        0.00192274,
        0.00186459,
        0.00187162,
        0.00191515,
        0.0019177,
        0.00186954,
        0.00187539,
        0.0018718,
        0.00193287,
        0.00191739,
        0.00193778,
        0.00191978,
        0.00193863,
        0.00191288,
        0.00190962,
        0.0019621,
        0.00190778,
        0.00191359,
        0.001971,
        0.00193238,
        0.00192053,
        0.00187208,
        0.00192474,
        0.0018675,
        0.00194299,
        0.00196173,
        0.00191555,
        0.00196322,
        0.00195085,
        0.00191168,
        0.00190874,
        0.00196642,
        0.0019126,
        0.00191211,
        0.00195347,
        0.00195886,
        0.00191086,
        0.00195455,
        0.00196091,
        0.00191156,
        0.00195309,
        0.00195946,
        0.00190826
    ]
}